conversation_id_str,created_at,favorite_count,full_text,id_str,image_url,in_reply_to_screen_name,lang,location,quote_count,reply_count,retweet_count,tweet_url,user_id_str,username,clean_text
1988840885962871098,Thu Nov 13 05:26:34 +0000 2025,2,2. App (android iOS desktop browser extension) -&gt; ada step tambahan seperti publish review notifier ke user. cukup sulit krn proses patchingnya di device user tp ttp predictable krn proses patchingnya udh otomatis dan standard dan dihandle sama publisher (apk dmg etc2),1988840892648558933,,gadingnstn,in,,0,1,0,https://x.com/undefined/status/1988840892648558933,1058332716209340416,,app android ios desktop browser extension gt ada step tambahan seperti publish review notifier ke user cukup sulit krn proses patchingnya di device user tp ttp predictable krn proses patchingnya udh otomatis dan standard dan dihandle sama publisher apk dmg etc
1988671899354927539,Thu Nov 13 03:48:02 +0000 2025,6, Samsung Galaxy A56 5G Harga 5 Juta Spek 20 Jutaan!! https://t.co/fb2PGsJprW https://t.co/Jbp3olsbZy,1988816094619136148,https://pbs.twimg.com/ext_tw_video_thumb/1988816059458285570/pu/img/41l1DPlRuaZEjmB5.jpg,randomable_,in,,0,1,0,https://x.com/undefined/status/1988816094619136148,1535212399120162818,,samsung galaxy a g harga juta spek jutaan
1988774008167485905,Thu Nov 13 01:00:47 +0000 2025,1,hp sekarang knp si pada segede gaban sekali nya ada yang compact malah spek flagship,1988774008167485905,,,in,,0,1,0,https://x.com/undefined/status/1988774008167485905,1931756016393437184,,hp sekarang knp si pada segede gaban sekali nya ada yang compact malah spek flagship
1988751262582730813,Wed Nov 12 23:30:24 +0000 2025,5,unboxing costume rentalku(video tengah malem hp jatuh ditabok ibuku yg lagi tidur) https://t.co/e1JBoc59tt,1988751262582730813,https://pbs.twimg.com/ext_tw_video_thumb/1988751205674414082/pu/img/jDznvdrOyjnAS5f7.jpg,,in,,0,1,0,https://x.com/undefined/status/1988751262582730813,1430298749989834754,,unboxing costume rentalku video tengah malem hp jatuh ditabok ibuku yg lagi tidur
1988743639422410825,Wed Nov 12 23:00:07 +0000 2025,57, guys menurut kalian mending beli hp Xiaomi ini apa beli hp Samsung yg harganya sama kayak Xiaomi ini tapi spesifikasi beda? sm kalo ada yg pake hp ini bisa kasih tau ¬± nya ga? kalo bisa sm hasil kameranya juga TIA! https://t.co/AeeU11kaex,1988743639422410825,https://pbs.twimg.com/media/G5lvzPpXoAIovBs.jpg,,in,,3,39,3,https://x.com/undefined/status/1988743639422410825,1331650559518990336,,guys menurut kalian mending beli hp xiaomi ini apa beli hp samsung yg harganya sama kayak xiaomi ini tapi spesifikasi beda sm kalo ada yg pake hp ini bisa kasih tau nya ga kalo bisa sm hasil kameranya juga tia
1988625407982043251,Wed Nov 12 15:10:18 +0000 2025,1,Terus Agz jg suka nyelipin petunjuk kecil buat nyelesain masalah tp ga dipake. Misal video unboxing polaroid bertepatan sm rusaknya HP A H yg pas hari itu tiba¬≤ megang kamera. F ketemu Blade tp ga bilang¬≤. R yg tau soal Axel tp jg ga langsung bilang. A yg sempet fotoin Devon.,1988625407982043251,,,in,,0,1,0,https://x.com/undefined/status/1988625407982043251,1640192142219030528,,terus agz jg suka nyelipin petunjuk kecil buat nyelesain masalah tp ga dipake misal video unboxing polaroid bertepatan sm rusaknya hp a h yg pas hari itu tiba megang kamera f ketemu blade tp ga bilang r yg tau soal axel tp jg ga langsung bilang a yg sempet fotoin devon
1988567494211018890,Wed Nov 12 11:44:52 +0000 2025,5,@tanyakanrl sekarang udah banyak hp bagus keduanya gak worth buat dibeli. 2jt an untuk saat ini yang bagus ada tecno camon 40 infinix hot 60 pro. membeli hp dengan spek tinggi itu gak ada ruginya meskipun bukan buat game.,1988573708026601947,,tanyakanrl,in,,0,2,0,https://x.com/undefined/status/1988573708026601947,1409728166,,sekarang udah banyak hp bagus keduanya gak worth buat dibeli jt an untuk saat ini yang bagus ada tecno camon infinix hot pro membeli hp dengan spek tinggi itu gak ada ruginya meskipun bukan buat game
1988203308750958909,Wed Nov 12 08:48:49 +0000 2025,4,@pramonowien @ridwanhr @ciqalbakal Gimana gak kenceng sesusai spek heavy duty angkutan 40-60 ton pakek 500 HP disini 280 HP dipaksa angkut 50 ton ya mleyot tenaganya mana spek alakadarnya tanpa AC tanpa rem ABS mangkanya sering ngeblong. Rem senen kamis ngerem senen baru berhenti kamis. Kemenperin gak tegas,1988529405333844281,,pramonowien,in,,0,0,0,https://x.com/undefined/status/1988529405333844281,1735258891,,gimana gak kenceng sesusai spek heavy duty angkutan ton pakek hp disini hp dipaksa angkut ton ya mleyot tenaganya mana spek alakadarnya tanpa ac tanpa rem abs mangkanya sering ngeblong rem senen kamis ngerem senen baru berhenti kamis kemenperin gak tegas
1988483889170612545,Wed Nov 12 05:47:58 +0000 2025,0,Selamat siang syg Chii selalu open joki ya #zonauang #jokitugas #jokiskripsi Skripsi Disertasi Tesis Proposal Makalah Jurnal/Artikel SPSS Smartpls Excel Origin Eviews Unity AR Coding Java Pyhton Matlab C++ Android Website Naive Laporan Latar Belakang Tipus Review/pinch,1988483889170612545,,,in,,0,0,0,https://x.com/undefined/status/1988483889170612545,1399249889435873280,,selamat siang syg chii selalu open joki ya zonauang jokitugas jokiskripsi skripsi disertasi tesis proposal makalah jurnal artikel spss smartpls excel origin eviews unity ar coding java pyhton matlab c android website naive laporan latar belakang tipus review pinch
1988433924490752316,Wed Nov 12 02:29:25 +0000 2025,1,wts/want to sell theninemall phone case (iphone 13) ini blm pernah dipake yaaa masih baruu cuma udah sempet unboxing trs ga cocok sama hp ku 75k/each split oyen https://t.co/PxvosTW663,1988433924490752316,https://pbs.twimg.com/media/G5hWHPXbcAY6Yo3.jpg,,in,,0,0,0,https://x.com/undefined/status/1988433924490752316,1758766447508205568,,wts want to sell theninemall phone case iphone ini blm pernah dipake yaaa masih baruu cuma udah sempet unboxing trs ga cocok sama hp ku k each split oyen
1988263939767939083,Tue Nov 11 15:13:58 +0000 2025,11, pengguna iphone ada yang pake kaya gini ga ya? mau review/rekomendasi nyaa https://t.co/BI8oCiFzZX,1988263939767939083,https://pbs.twimg.com/media/G5e7hB_WYAAmG1u.jpg,,in,,1,8,0,https://x.com/undefined/status/1988263939767939083,1331650559518990336,,pengguna iphone ada yang pake kaya gini ga ya mau review rekomendasi nyaa
1988198975296655710,Tue Nov 11 10:55:49 +0000 2025,1,Boleh ga si nambah 1 hape lagi biar makin rajin ngonten..? Soalnya abis nemu Iphone 13 nii cuma 7jutaan aja Pas liat review nya juga oke banget lagi mumpung lagi Lazada 11.11 ni https://t.co/ZUt89ii5Md,1988198975296655710,,,in,,0,0,0,https://x.com/undefined/status/1988198975296655710,1976673049572474880,,boleh ga si nambah hape lagi biar makin rajin ngonten soalnya abis nemu iphone nii cuma jutaan aja pas liat review nya juga oke banget lagi mumpung lagi lazada ni
1988054880909660278,Tue Nov 11 08:43:21 +0000 2025,1,@Ninonenu kasian user hp sih apalagi yg spek hp nya pas an main 3-4jam low trs ngecasnya 2 jam an,1988165639975170199,,Ninonenu,in,,0,1,0,https://x.com/undefined/status/1988165639975170199,1692424439013789696,,kasian user hp sih apalagi yg spek hp nya pas an main jam low trs ngecasnya jam an
1988103437788332256,Tue Nov 11 04:36:11 +0000 2025,54,iPhone 15 128 GB Black unit Blibli Resmi Indonesia Garansi Aktif 30 Januari 2026 Fullset siap pakai. Kondisi : Terpasang TG Fisik 95% pemakaian masih bagus Spesifikasi &amp; Fitur: Face ID Lancar True tone LCD Original Kamera Jernih Kamera Silent ICloud bersih No dead pixel https://t.co/ySV1r0itdH,1988103437788332256,https://pbs.twimg.com/media/G5cpiHIbcAIVh3S.jpg,,in,,1,2,23,https://x.com/undefined/status/1988103437788332256,1643820925685760000,,iphone gb black unit blibli resmi indonesia garansi aktif januari fullset siap pakai kondisi terpasang tg fisik pemakaian masih bagus spesifikasi amp fitur face id lancar true tone lcd original kamera jernih kamera silent icloud bersih no dead pixel
1988088340177207610,Tue Nov 11 03:36:11 +0000 2025,1,80 Daftar HP Harga Under 3 Juta Terbaru di 11.11 Ada Smartphone 1 Jutaan Spek Gahar https://t.co/hUlaNUXrYO lewat @tribunshopping_,1988088340177207610,,,in,,0,0,0,https://x.com/undefined/status/1988088340177207610,124171593,,daftar hp harga under juta terbaru di ada smartphone jutaan spek gahar lewat
1987918191289368725,Mon Nov 10 16:23:11 +0000 2025,1,@tanyakanrl Oott ada yg busa dititipin? Butuh pencerahan soal spesifikasi hp samsung vs ip,1987918971862123001,,tanyakanrl,in,,1,1,0,https://x.com/undefined/status/1987918971862123001,1618591401209651201,,oott ada yg busa dititipin butuh pencerahan soal spesifikasi hp samsung vs ip
1987887965193019829,Mon Nov 10 14:19:58 +0000 2025,1,Selamat malam Chii selalu open joki ya #zonauang #jokitugas #jokiskripsi Skripsi Disertasi Tesis Proposal Makalah Jurnal/Artikel SPSS Smartpls Excel Origin Eviews Unity AR Coding Java Pyhton Matlab C++ Android Website Naive Laporan Latar Belakang Tipus Review/pinch,1987887965193019829,,,in,,0,0,0,https://x.com/undefined/status/1987887965193019829,1399249889435873280,,selamat malam chii selalu open joki ya zonauang jokitugas jokiskripsi skripsi disertasi tesis proposal makalah jurnal artikel spss smartpls excel origin eviews unity ar coding java pyhton matlab c android website naive laporan latar belakang tipus review pinch
1987836102963835048,Mon Nov 10 10:53:53 +0000 2025,110,Bini save nama laki di hp 'K' Laki save nama bini di hp 'Amanda Gabriela' Jd inget vt endorse ada iMess di screen HP dari 'K' ternyata tebakan kita dgn sobat ambyar bener dr bojone @amandamanopo Spek intel mmg Sarimin &amp; terjawab tudey kukukuk gak halu ya #MandaCurhat https://t.co/gMf6UfVNg9,1987836102963835048,https://pbs.twimg.com/ext_tw_video_thumb/1987835951662735360/pu/img/SU-wG_xWWdo-OQRx.jpg,,in,,0,5,18,https://x.com/undefined/status/1987836102963835048,1386867084513083397,,bini save nama laki di hp k laki save nama bini di hp amanda gabriela jd inget vt endorse ada imess di screen hp dari k ternyata tebakan kita dgn sobat ambyar bener dr bojone spek intel mmg sarimin amp terjawab tudey kukukuk gak halu ya mandacurhat
1987735938232131888,Mon Nov 10 10:19:34 +0000 2025,138,@nicsap Ini ya hp nya yg di pegang bang niscap spesifikasi dan harganya mantep banget https://t.co/fo5vEAHb3t,1987827463989448834,,nicsap,in,,0,0,134,https://x.com/undefined/status/1987827463989448834,223939386,,ini ya hp nya yg di pegang bang niscap spesifikasi dan harganya mantep banget
1987774886408773965,Mon Nov 10 06:50:38 +0000 2025,195, mau minta review dong pengguna samsung A55 dan A56. kameranya gimana? mau liat hasil foto dan video. juga kapasitas batre dan memo. kalau mau tambahin info lain juga boleh,1987774886408773965,,,in,,3,55,18,https://x.com/undefined/status/1987774886408773965,1331650559518990336,,mau minta review dong pengguna samsung a dan a kameranya gimana mau liat hasil foto dan video juga kapasitas batre dan memo kalau mau tambahin info lain juga boleh
1987257610932805640,Mon Nov 10 05:18:54 +0000 2025,0,@anakcucuadam144 @tanyarlfes ka maaf kalo buat spesifikasi hp aku kurta kurang tau. aku nyaranin 13x karena harganya kebetulan abis beliin itu jg buat keponakan. keponakan ku kepake buat yt sama game doang jd butuh yg ram nya gede. harga ga sampe 1 3 udah dpt 8/256 worth bgt menurut ku,1987751801794519457,,anakcucuadam144,in,,0,1,0,https://x.com/undefined/status/1987751801794519457,2498987160,,ka maaf kalo buat spesifikasi hp aku kurta kurang tau aku nyaranin x karena harganya kebetulan abis beliin itu jg buat keponakan keponakan ku kepake buat yt sama game doang jd butuh yg ram nya gede harga ga sampe udah dpt worth bgt menurut ku
1987710752581640644,Mon Nov 10 02:35:47 +0000 2025,88,Siri Honor 500 dah diperlihatkan. Rekaan bonggol kameranya seakan iPhone Air dan Pixel 10. Jangkaan spesifikasi 500 | 500 Pro - Snapdragon 8s Gen 3 | 8 Elite - Skrin 6.55‚Ä≥ OLED 120Hz - Kamera 200+50MP | 200+50+64MP - Swafoto 50MP - IP69 - Bateri 8000mAh 80W Menarik tak? https://t.co/vxoD5fjKfE,1987710752581640644,https://pbs.twimg.com/media/G5XEZFYb0AAFGvE.jpg,,in,,1,2,18,https://x.com/undefined/status/1987710752581640644,833703860141162496,,siri honor dah diperlihatkan rekaan bonggol kameranya seakan iphone air dan pixel jangkaan spesifikasi pro snapdragon s gen elite skrin oled hz kamera mp mp swafoto mp ip bateri mah w menarik tak
1987627538164731955,Sun Nov 09 21:05:08 +0000 2025,300, butuh saran terutama user hp s24 / ip 15 basic baru pertama kali mau invest ke hp kebutuhan konten kayak jualan review produk &amp; gaming better ambil mana ya? dr segi ketahanan kualitas kamera stlh update software dll aku liat review 22nya bagus tergantung cahaya https://t.co/Qg92YOJKpo,1987627538164731955,https://pbs.twimg.com/media/G5V4tkFW4AABhYX.jpg,,in,,5,70,8,https://x.com/undefined/status/1987627538164731955,1331650559518990336,,butuh saran terutama user hp s ip basic baru pertama kali mau invest ke hp kebutuhan konten kayak jualan review produk amp gaming better ambil mana ya dr segi ketahanan kualitas kamera stlh update software dll aku liat review nya bagus tergantung cahaya
1987569109509488884,Sun Nov 09 17:12:57 +0000 2025,3,Kate tuku iphone 13 tapi ndelok android sing harga e sama spek e luwih gacor Kate tuku iphone 15 tapi ndelok android sing harga e sama spek e luwih gacor Kate tuku iphone 16 tapi ndelok android sing harga e sama spek e luwih gacor Byuhhhh sek kate padahal duit rung onok wkwkwk,1987569109509488884,,,in,,0,1,0,https://x.com/undefined/status/1987569109509488884,1469368097555419137,,kate tuku iphone tapi ndelok android sing harga e sama spek e luwih gacor kate tuku iphone tapi ndelok android sing harga e sama spek e luwih gacor kate tuku iphone tapi ndelok android sing harga e sama spek e luwih gacor byuhhhh sek kate padahal duit rung onok wkwkwk
1987427645706109044,Sun Nov 09 08:47:27 +0000 2025,3,@cacilkedua klo berdasarkan bnyk review yg udah aku pelajari bagusan anker! ugreen emg lebih cepet ngisinya tp bikin hp lebih cepet panas + lebih murah dari anker. aku 3 tahun pake anker &amp; ga pernah panas meskipun ngecharge sambil dipake,1987441896130756998,,cacilkedua,in,,0,2,0,https://x.com/undefined/status/1987441896130756998,2892749082,,klo berdasarkan bnyk review yg udah aku pelajari bagusan anker ugreen emg lebih cepet ngisinya tp bikin hp lebih cepet panas lebih murah dari anker aku tahun pake anker amp ga pernah panas meskipun ngecharge sambil dipake
1986307612669837598,Sun Nov 09 07:02:39 +0000 2025,1,@mmmaaaazzzday_ @tanyakanrl @bliblidotcom Kalau di Jabodetabek dari https://t.co/b1Pc47TInV ada pengiriman same day. Secara kurir biasanya pakai kurir yang sudah kerjasama langsung dengan Samsung. Di @bliblidotcom ada 2 jam pasti sampai pakai kurir yang kerjasama juga. Kalau secara spek ga terlalu jauh beda.,1987415522737308154,,mmmaaaazzzday_,in,,0,1,0,https://x.com/undefined/status/1987415522737308154,39198590,,kalau di jabodetabek dari ada pengiriman same day secara kurir biasanya pakai kurir yang sudah kerjasama langsung dengan samsung di ada jam pasti sampai pakai kurir yang kerjasama juga kalau secara spek ga terlalu jauh beda
1987207272347361734,Sat Nov 08 17:31:22 +0000 2025,1,@tanyakanrl aku pake redmi note 11 dan kalo foto2 slalu pake gcam kak wkwk tapi kalo video masih berusaha nerima spek dari hp ini btw sorry oot ada yg bs dititipin menfess ga ya?:(,1987211353967501445,,tanyakanrl,in,,1,2,0,https://x.com/undefined/status/1987211353967501445,1133213025597419520,,aku pake redmi note dan kalo foto slalu pake gcam kak wkwk tapi kalo video masih berusaha nerima spek dari hp ini btw sorry oot ada yg bs dititipin menfess ga ya
1987185499698573324,Sat Nov 08 15:48:37 +0000 2025,6,Um! Temenku udh kerja 2 hari lalu ngechat aku pinjem duit 100k yg bahkan uang hidupku ngerantau kuliah disini aja 150k/minggu.. trs katanya bakal dibalikin 2 hari kedepan gt.. eh hari ini tbtb live tiktok unboxing iphone.. (ini ke 2x nya dia chat pinjen duit),1987185499698573324,,,in,,0,1,0,https://x.com/undefined/status/1987185499698573324,3865555342,,um temenku udh kerja hari lalu ngechat aku pinjem duit k yg bahkan uang hidupku ngerantau kuliah disini aja k minggu trs katanya bakal dibalikin hari kedepan gt eh hari ini tbtb live tiktok unboxing iphone ini ke x nya dia chat pinjen duit
1987121347827540158,Sat Nov 08 11:33:43 +0000 2025,2,iPhone replacement yg korg patut tengok sebab lepas ni dh tak nak pakai Apple dah ! Unboxing Xiaomi 17 Pro Max 1TB Pengganti iPhone ! https://t.co/teuC77iyld,1987121351594017212,,fazlihalimmedia,in,,0,0,0,https://x.com/undefined/status/1987121351594017212,4613741420,,iphone replacement yg korg patut tengok sebab lepas ni dh tak nak pakai apple dah unboxing xiaomi pro max tb pengganti iphone
1986960700632408255,Sat Nov 08 06:51:38 +0000 2025,59,@poconxg okeh gue sebut - tas jims honey 4 - tas shan&amp;co 2 - barang2 ikea - bes cover spek hotel - laptop gaming - iPad 10gen - iPhone 15 - AC - jajanan yg wktu itu gaada duit - sepatu gemes - skincare &amp; bodycare tiap bulan - kacamata sendiri - vape + liq tiap bulan heheheheheheheh,1987050362164158490,,poconxg,in,,0,5,0,https://x.com/undefined/status/1987050362164158490,3178025202,,okeh gue sebut tas jims honey tas shan amp co barang ikea bes cover spek hotel laptop gaming ipad gen iphone ac jajanan yg wktu itu gaada duit sepatu gemes skincare amp bodycare tiap bulan kacamata sendiri vape liq tiap bulan heheheheheheheh
1987007813907009865,Sat Nov 08 04:02:34 +0000 2025,3,taik ada customer tanya segala macem spek hp gua tanya budgetnya berapa biar nyesuaikan tau ga jawabannya apa? masih nabung mas please masalahnya lo hampir sejam di mari semua brand lo pegang tau¬≤ cuma liak¬≤ doang kan ngapain ya selama itu arghh ,1987007813907009865,,,in,,0,1,0,https://x.com/undefined/status/1987007813907009865,1626826955265019904,,taik ada customer tanya segala macem spek hp gua tanya budgetnya berapa biar nyesuaikan tau ga jawabannya apa masih nabung mas please masalahnya lo hampir sejam di mari semua brand lo pegang tau cuma liak doang kan ngapain ya selama itu arghh
1986682702654066839,Sat Nov 08 03:36:07 +0000 2025,11,@kelincibercula2 @emilmarioo NGAKAKAK aku pernah ketemu juga di pim cakep bgt lebih cakep dari liat di hp dan emg sesuai review ini sampe kaget HAHAHA,1987001157093630277,,kelincibercula2,in,,0,0,0,https://x.com/undefined/status/1987001157093630277,1660458304311799809,,ngakakak aku pernah ketemu juga di pim cakep bgt lebih cakep dari liat di hp dan emg sesuai review ini sampe kaget hahaha
1986798353468821587,Fri Nov 07 14:31:02 +0000 2025,6,@tanyakanrl Uda nontonin video2 review HP kan di youtube? Catat plus minusnya apa dr tiap HP apa yg kamu suka n gak suka dr tiap HP. Ke konter HP coba pegang langsung barangnya scr fisik kamu lebih suka yg mana.,1986803586647675248,,tanyakanrl,in,,0,0,0,https://x.com/undefined/status/1986803586647675248,1636904727958138881,,uda nontonin video review hp kan di youtube catat plus minusnya apa dr tiap hp apa yg kamu suka n gak suka dr tiap hp ke konter hp coba pegang langsung barangnya scr fisik kamu lebih suka yg mana
1986669342218703266,Fri Nov 07 05:37:36 +0000 2025,6,Gak nyangka udah di tahap nge tes spek hp make gim lads https://t.co/z5svt97qY8,1986669342218703266,https://pbs.twimg.com/media/G5IRO6pacAAOp1a.jpg,,in,,0,6,0,https://x.com/undefined/status/1986669342218703266,1813808262359515136,,gak nyangka udah di tahap nge tes spek hp make gim lads
1986638236350095626,Fri Nov 07 03:34:33 +0000 2025,6,Iphone 13 basic the most worth to buy iphone murah di 2025 dari segi spek masih cocok dipake sampe 2 tahun kedepan dan harganya sekarang start di 7jutaan aja loh! New : https://t.co/PtpX8EN8Uw Beacukai : https://t.co/ChIkibNkGf https://t.co/pTpdzCRYgk,1986638375710040486,https://pbs.twimg.com/media/G5H1BJjacAAULgw.jpg,nrcistic,in,,0,1,2,https://x.com/undefined/status/1986638375710040486,1676020129191325697,,iphone basic the most worth to buy iphone murah di dari segi spek masih cocok dipake sampe tahun kedepan dan harganya sekarang start di jutaan aja loh new beacukai
1986336547227025774,Thu Nov 06 07:35:11 +0000 2025,11, Akhirnya nambah lagi list hp batre 7.000 mAh range harganya saingan sama iQOO Z10R kali ini pake layar IPS buat yang takut garis ijo. Biar gak dibilang sales spek + minus ada di pic Launching di üáÆüá© besok. Kalo ada voucher harusnya bisa &lt;Rp3jt sih https://t.co/GYInAWlp7q,1986336547227025774,https://pbs.twimg.com/media/G5DikAcWsAA4sIO.jpg,,in,,1,9,2,https://x.com/undefined/status/1986336547227025774,1331650559518990336,,akhirnya nambah lagi list hp batre mah range harganya saingan sama iqoo z r kali ini pake layar ips buat yang takut garis ijo biar gak dibilang sales spek minus ada di pic launching di besok kalo ada voucher harusnya bisa lt rp jt sih
1986070779457589252,Wed Nov 05 13:59:08 +0000 2025,4, indo gegara bisa bela koruptor pertamina sampe cuma dipenjara dua tahun (itupun termasuk mencoreng rekor dia harusnya ga masuk penjara) - Taiga as kang daging di pasar yang sekalinya tutup bakal buka hp dan main slot - Buka syopi isinya review produk dari acc Leo,1986070783261876407,,kohakusunda,in,,0,0,0,https://x.com/undefined/status/1986070783261876407,1477451874307477505,,indo gegara bisa bela koruptor pertamina sampe cuma dipenjara dua tahun itupun termasuk mencoreng rekor dia harusnya ga masuk penjara taiga as kang daging di pasar yang sekalinya tutup bakal buka hp dan main slot buka syopi isinya review produk dari acc leo
1986064929171157099,Wed Nov 05 13:35:53 +0000 2025,0,Jujur fitur Active Noise Cancellation (ANC) gak harus pake tws mahal! Setelah gue mencoba Samsung Galaxy Buds Core! TWS termurah dari Samsung yang sudah support ANC . Gue review tipis2 setelah 2 minggu pemakaian. https://t.co/KxBqV9CDFT,1986064929171157099,https://pbs.twimg.com/media/G4_rhvYbcAAD72Y.jpg,,in,,0,6,0,https://x.com/undefined/status/1986064929171157099,112390030,,jujur fitur active noise cancellation anc gak harus pake tws mahal setelah gue mencoba samsung galaxy buds core tws termurah dari samsung yang sudah support anc gue review tipis setelah minggu pemakaian
1985941182824828952,Wed Nov 05 13:21:26 +0000 2025,4,@tanyakanrl Jangan di bully guys gw cuman penasaran emng sebegitu worth it ya iPhone? Pdhl android harga segitu dapet prosesor naga elite dan hp baru fitur jga lebh melimpah ditambah AI jga lebih lengkap. Apakah cuma karna kamera dan ekosistem? Kalau OS keknya gak klh apalagi spek internal,1986061295154786609,,tanyakanrl,in,,2,11,0,https://x.com/undefined/status/1986061295154786609,1532230629085290496,,jangan di bully guys gw cuman penasaran emng sebegitu worth it ya iphone pdhl android harga segitu dapet prosesor naga elite dan hp baru fitur jga lebh melimpah ditambah ai jga lebih lengkap apakah cuma karna kamera dan ekosistem kalau os keknya gak klh apalagi spek internal
1986046367664595019,Wed Nov 05 12:22:07 +0000 2025,31,Review kamera iphone SE oleh Gyumin https://t.co/OgGtqWv2uz #XODIAC #ÏÜåÎîîÏóë https://t.co/22WDvA3rZ2,1986046367664595019,https://pbs.twimg.com/media/G4_apXcbYAAXm0F.jpg,,in,,0,0,6,https://x.com/undefined/status/1986046367664595019,876113806522425350,,review kamera iphone se oleh gyumin xodiac
1986041807239582070,Wed Nov 05 12:04:00 +0000 2025,2,Samsung Galaxy S26 series akan diluncurkan awal tahun 2026. Kabarnya trio ponsel ini siap bawa upgrade besar dari segi kamera dan baterai. https://t.co/Ir2P8KDHIO,1986041807239582070,,,in,,0,2,0,https://x.com/undefined/status/1986041807239582070,69183155,,samsung galaxy s series akan diluncurkan awal tahun kabarnya trio ponsel ini siap bawa upgrade besar dari segi kamera dan baterai
1986021970710786210,Wed Nov 05 11:09:59 +0000 2025,6,@tanyarlfes Gua juga gitu beli barang selalu yang disuka makanya gua tuh beli iPhone karna ga liat spek beli karna suka Gua percaya aja apa yang dikasih sama tim Apple ,1986028215371268530,,tanyarlfes,in,,0,3,0,https://x.com/undefined/status/1986028215371268530,424125482,,gua juga gitu beli barang selalu yang disuka makanya gua tuh beli iphone karna ga liat spek beli karna suka gua percaya aja apa yang dikasih sama tim apple
1986015319207641405,Wed Nov 05 10:18:45 +0000 2025,9,Kilala nyo ba si Ma am Jeruz? Yung sa review review ng iphone ba yun,1986015319207641405,,,tl,,0,0,0,https://x.com/undefined/status/1986015319207641405,1729335918501457920,,kilala nyo ba si ma am jeruz yung sa review review ng iphone ba yun
1985926281381490845,Wed Nov 05 06:57:31 +0000 2025,3,@vivo_indonesia 1. Hp Batrei Besar 2. Mental kuat dan tangguh 3. Spesifikasi No 1 #PejuangTangguh,1985964679869722874,,vivo_indonesia,in,,0,0,0,https://x.com/undefined/status/1985964679869722874,1659753821252489216,,hp batrei besar mental kuat dan tangguh spesifikasi no pejuangtangguh
1985859865521373325,Wed Nov 05 00:01:02 +0000 2025,2,sch! guys yang pake tab samsung s9 fe buat belajar review dong worth gakk aku kira kira mau beli buat belajar utbk,1985859865521373325,,,in,,0,2,0,https://x.com/undefined/status/1985859865521373325,1201673806156161025,,sch guys yang pake tab samsung s fe buat belajar review dong worth gakk aku kira kira mau beli buat belajar utbk
1985693558737944815,Tue Nov 04 13:00:11 +0000 2025,4,Semenjak ada ipadOS 26 ipad lebih bagus secara OS walaupun spek lainnya agak kentang. Untuk tablet android diharga yg sama kyk ipad a16 banyak pilihannya beragam mau beli yang mana tergantung kebutuhan &amp; preferensi suka android/ipadOS https://t.co/FMgRO1f16U,1985693558737944815,https://pbs.twimg.com/media/G46Zw3Ra8AAyJCv.jpg,,in,,0,2,0,https://x.com/undefined/status/1985693558737944815,1368867277,,semenjak ada ipados ipad lebih bagus secara os walaupun spek lainnya agak kentang untuk tablet android diharga yg sama kyk ipad a banyak pilihannya beragam mau beli yang mana tergantung kebutuhan amp preferensi suka android ipados
1985685727120933305,Tue Nov 04 12:29:04 +0000 2025,2,Depends di 6-9 jutaan ini bener. Storage dan spek iPad harga segitu pelit banget. iPad 9/10/11 worth kok. Tapi Android kalau 2-3 jutaan jangan sentuh Redmi dah Infinix/Motorola/Honor aja HyperOSnya ga ngotak.,1985685727120933305,,,in,,0,1,0,https://x.com/undefined/status/1985685727120933305,1609498387069702145,,depends di jutaan ini bener storage dan spek ipad harga segitu pelit banget ipad worth kok tapi android kalau jutaan jangan sentuh redmi dah infinix motorola honor aja hyperosnya ga ngotak
1985557160491958487,Tue Nov 04 03:58:11 +0000 2025,11,Dulu mandangin HP¬≤ ini sambil berhayal Duh mau deh punya hp yang ini itu semuanya . Sampe pas baca halaman yang isinya review liat foto hp yang ukuran asli trus hawanya pengen gunting. https://t.co/a9UpnpY6UK,1985557160491958487,https://pbs.twimg.com/media/G44dtwlbQAAAr52.jpg,,in,,0,3,0,https://x.com/undefined/status/1985557160491958487,1665126206117933056,,dulu mandangin hp ini sambil berhayal duh mau deh punya hp yang ini itu semuanya sampe pas baca halaman yang isinya review liat foto hp yang ukuran asli trus hawanya pengen gunting
1985320557676794255,Mon Nov 03 14:06:32 +0000 2025,1,@GosokCircle Cair nih buzzerRP segitu amat bang cari duit sampe jadi gay denial review dong Iphone 17nya ,1985347869642207616,,GosokCircle,in,,1,2,0,https://x.com/undefined/status/1985347869642207616,1406675192512798726,,cair nih buzzerrp segitu amat bang cari duit sampe jadi gay denial review dong iphone nya
1985329941131809069,Mon Nov 03 12:55:18 +0000 2025,2,pengen beli tab saranin ipad samsung note or whatever dan pertimbangannya dong. Butuh buat coret2 aja sih gk usah high spek,1985329941131809069,,,in,,0,1,0,https://x.com/undefined/status/1985329941131809069,600634886,,pengen beli tab saranin ipad samsung note or whatever dan pertimbangannya dong butuh buat coret aja sih gk usah high spek
1985025459084824957,Sun Nov 02 16:45:24 +0000 2025,2,Teknologi semakin maju spesifikasi motor/mobil yg beredar sekarang pakai standar pemerintah. Kendaraan yg boleh dipasarkan harus begini dan harus begitu. Kenapa sih tak dibuat standarisasi semua kendaraan yg akan diedarkan harus tersemat teknologi GPS tracker ? (HP aja ada,1985025459084824957,,,in,,0,0,0,https://x.com/undefined/status/1985025459084824957,213682020,,teknologi semakin maju spesifikasi motor mobil yg beredar sekarang pakai standar pemerintah kendaraan yg boleh dipasarkan harus begini dan harus begitu kenapa sih tak dibuat standarisasi semua kendaraan yg akan diedarkan harus tersemat teknologi gps tracker hp aja ada
1985000837568172246,Sun Nov 02 15:07:33 +0000 2025,1,tumbas hp Infinix 60i semoga bertahan lama soalnya review orang-orang pada jelek...,1985000837568172246,,,in,,0,1,0,https://x.com/undefined/status/1985000837568172246,1516818649356865536,,tumbas hp infinix i semoga bertahan lama soalnya review orang orang pada jelek
1984861832415158751,Sun Nov 02 13:35:18 +0000 2025,8,@tanyakanrl kalau buat jangka panjang sih mending S24 FE nder. aku gak pernah pake iphone tapi liat review orang orang ke iphone cukup bgt bikin aku yakin buat lebih pilih samsung. memang sih cukup cepet agak panas kalo dipake over tapi worth bgt... apalagi kamera dan fitur zoomnya https://t.co/yXVMqwkVxw,1984977622217236606,https://pbs.twimg.com/media/G4wOj-YbMAAGCSm.jpg,tanyakanrl,in,,0,2,0,https://x.com/undefined/status/1984977622217236606,799379420502835200,,kalau buat jangka panjang sih mending s fe nder aku gak pernah pake iphone tapi liat review orang orang ke iphone cukup bgt bikin aku yakin buat lebih pilih samsung memang sih cukup cepet agak panas kalo dipake over tapi worth bgt apalagi kamera dan fitur zoomnya
1984925654677364994,Sun Nov 02 10:08:48 +0000 2025,6,Di malam Halloween Nessie upload vlog #zonauang bersama Teja review HP Y21d Sekarang dengan dual stereo speaker dan 3d compact design lalu nyebut soal Fadil Imran dan pengalaman lucunya dengan BPJS di akhir pekan Minggu. https://t.co/Z1sEd88hRb https://t.co/xt6AQwfZkI https://t.co/m6AIiXJq2C,1984925654677364994,https://pbs.twimg.com/media/G4vfXRqbkAA8BTe.jpg,,in,,0,0,5,https://x.com/undefined/status/1984925654677364994,4606237164,,di malam halloween nessie upload vlog zonauang bersama teja review hp y d sekarang dengan dual stereo speaker dan d compact design lalu nyebut soal fadil imran dan pengalaman lucunya dengan bpjs di akhir pekan minggu
1984767347920683113,Sat Nov 01 23:39:45 +0000 2025,1,Gue harus siap mental kalo bawa zuan ke toko HP lagi Lebih khatam spek dari salesnya anjir sampe salesnya bilang udah ini masnya besok langsung masuk aja ,1984767347920683113,,,in,,0,0,0,https://x.com/undefined/status/1984767347920683113,1573517492815007744,,gue harus siap mental kalo bawa zuan ke toko hp lagi lebih khatam spek dari salesnya anjir sampe salesnya bilang udah ini masnya besok langsung masuk aja
1984557354038460870,Sat Nov 01 09:45:19 +0000 2025,4,lahhh cheoljun balik duluan ternyata rest well ayankk mam yg banyak &amp; selamat unboxing hp baru https://t.co/VmsbXh2X6y,1984557354038460870,https://pbs.twimg.com/amplify_video_thumb/1984551329982005252/img/_FUHVKx7Smf9T-yz.jpg,,in,,0,2,0,https://x.com/undefined/status/1984557354038460870,1743113688352231424,,lahhh cheoljun balik duluan ternyata rest well ayankk mam yg banyak amp selamat unboxing hp baru
1984499092152861183,Sat Nov 01 05:53:48 +0000 2025,17,hati hati yaa sama akun shopee ini dia penipu jangan tergiur review dan harga murah terus ditawari tf dulu 500k soalnya gak dikirim sama orangnya. aku abis cari cari ada salah satu produk kayaknya bekas toko sebelumnya yg udah ada reviewnya terus diganti iphone soalnya- https://t.co/sfIY8SbDoO,1984499092152861183,https://pbs.twimg.com/media/G4pbZrRbAAApS9b.jpg,,in,,2,3,5,https://x.com/undefined/status/1984499092152861183,1460987143036100614,,hati hati yaa sama akun shopee ini dia penipu jangan tergiur review dan harga murah terus ditawari tf dulu k soalnya gak dikirim sama orangnya aku abis cari cari ada salah satu produk kayaknya bekas toko sebelumnya yg udah ada reviewnya terus diganti iphone soalnya
1984488102014881849,Sat Nov 01 05:32:43 +0000 2025,40,@worksfess Review film buku kuliner wisata dsb. Riset dan wawasan cari di Ipad lalu olah di smartphone buat dijadiin lahan cuan. Kalau mau sustain bikin produk digital via Msha/Lynk/Mayar si Nder.,1984493786169549032,,worksfess,in,,0,0,0,https://x.com/undefined/status/1984493786169549032,897738094463471616,,review film buku kuliner wisata dsb riset dan wawasan cari di ipad lalu olah di smartphone buat dijadiin lahan cuan kalau mau sustain bikin produk digital via msha lynk mayar si nder
1984437704504066075,Sat Nov 01 01:49:52 +0000 2025,2,Seseru itu tahu spek HP sampe model modelnya,1984437704504066075,,,in,,0,0,0,https://x.com/undefined/status/1984437704504066075,1684026035397083136,,seseru itu tahu spek hp sampe model modelnya
1984233008157638905,Fri Oct 31 12:16:29 +0000 2025,16,ub! rekomendasi tab android murah yang enak buat nyatet2 gitu dong!! ga terlalu butuh yang spek gaming tapi yang penting enak buat nyatet dan palm rejection,1984233008157638905,,,in,,0,7,0,https://x.com/undefined/status/1984233008157638905,809094068294664192,,ub rekomendasi tab android murah yang enak buat nyatet gitu dong ga terlalu butuh yang spek gaming tapi yang penting enak buat nyatet dan palm rejection
1984213763055046706,Fri Oct 31 11:00:00 +0000 2025,3,Mau multitasking tanpa drama ngelag? #GalaxyA17 jawabannya! Dengan 90Hz Refresh Rate bikin semua aktivitas lancar jaya dan Pasti Jadi Stabil Yuk ikutan #IfIWinGalaxyA17Part5 sekarang biar dapet HP kece ini GRATIS Caranya kamu langsung aja cari di Google APA SPESIFIKASI https://t.co/U6UoJC0LhE,1984213763055046706,https://pbs.twimg.com/media/G4jz9tXbQAAwgta.jpg,,in,,1,1,1,https://x.com/undefined/status/1984213763055046706,124839730,,mau multitasking tanpa drama ngelag galaxya jawabannya dengan hz refresh rate bikin semua aktivitas lancar jaya dan pasti jadi stabil yuk ikutan ifiwingalaxya part sekarang biar dapet hp kece ini gratis caranya kamu langsung aja cari di google apa spesifikasi
1984196944328311014,Fri Oct 31 10:02:13 +0000 2025,2,@kegblgnunfaedh Wah nostalgia yg indah.. Zaman blm begitu masif internet seperti youtuber review hp jadi liat spek hp di koran.,1984199220807823698,,kegblgnunfaedh,in,,0,0,0,https://x.com/undefined/status/1984199220807823698,1461280767414190080,,wah nostalgia yg indah zaman blm begitu masif internet seperti youtuber review hp jadi liat spek hp di koran
1984115785732952572,Fri Oct 31 04:30:41 +0000 2025,1,Mungkin menurunnya budaya membaca terjadi karena teknologi juga. Dulu mau beli hp harus membaca satu tabloid duluu untuk mendapat hp spek yg cocok ,1984115785732952572,,,in,,0,0,0,https://x.com/undefined/status/1984115785732952572,1899558871,,mungkin menurunnya budaya membaca terjadi karena teknologi juga dulu mau beli hp harus membaca satu tabloid duluu untuk mendapat hp spek yg cocok
1983718017696723418,Fri Oct 31 04:14:29 +0000 2025,19,@faradiseye Buka majalah -&gt; lihat bentuk hpnya -&gt; baca spesifikasi hp -&gt; lihat harganya -&gt; tutup majalah -&gt; lanjut main petak umpet.,1984111711859908911,,faradiseye,in,,0,0,0,https://x.com/undefined/status/1984111711859908911,185546510,,buka majalah gt lihat bentuk hpnya gt baca spesifikasi hp gt lihat harganya gt tutup majalah gt lanjut main petak umpet
1984044982735663476,Thu Oct 30 23:49:20 +0000 2025,1,sampek skrg kalo mau beli hp liatin spek dulu bukan asal begaya doang wkwkwkwkw,1984044982735663476,,,in,,0,1,0,https://x.com/undefined/status/1984044982735663476,1152735372595494912,,sampek skrg kalo mau beli hp liatin spek dulu bukan asal begaya doang wkwkwkwkw
1983925775247040553,Thu Oct 30 15:55:39 +0000 2025,1,Anjir dulu suka liat liat klo ada majalah hp begini kayak ngecompare dari spesifikasi nya sama harganya,1983925775247040553,,,in,,0,1,0,https://x.com/undefined/status/1983925775247040553,4921886668,,anjir dulu suka liat liat klo ada majalah hp begini kayak ngecompare dari spesifikasi nya sama harganya
1983861481180741647,Thu Oct 30 11:40:10 +0000 2025,76,serius secakep ini ???????? gila desain cakep bgt mirip iphone nih yg pada pengen punya iphone blm kesampean cocok apalagi spek nya gak kalah bagus #rPhoneBukaniPhone https://t.co/cGoXJAoLIG,1983861481180741647,https://pbs.twimg.com/media/G4gXfCvawAA8HPh.jpg,,in,,0,92,79,https://x.com/undefined/status/1983861481180741647,1176910908854915074,,serius secakep ini gila desain cakep bgt mirip iphone nih yg pada pengen punya iphone blm kesampean cocok apalagi spek nya gak kalah bagus rphonebukaniphone
1983821216621178947,Thu Oct 30 11:25:05 +0000 2025,2,@edelweiic @tanyakanrl Review di yt banyak kak aku jarang foto2 serius pake hp ini. Ini low light mode natural detailnya masih keliatan. Jangan ekspek banyak di harga segini. https://t.co/Fbw0IpPqUQ,1983857688703594647,https://pbs.twimg.com/media/G4gUDdgaUAALsZ0.jpg,edelweiic,in,,0,1,0,https://x.com/undefined/status/1983857688703594647,1670613843645698048,,review di yt banyak kak aku jarang foto serius pake hp ini ini low light mode natural detailnya masih keliatan jangan ekspek banyak di harga segini
1983856522351538287,Thu Oct 30 11:20:27 +0000 2025,10,stop deh ya buat kalian yang sama-samain rphone dan iphone. karena dari spesifikasi aja udah beda cuy. #rPhoneBukaniPhone https://t.co/a80lmnsAfC,1983856522351538287,https://pbs.twimg.com/media/G4gS_YZa8AU6Der.jpg,,in,,0,10,5,https://x.com/undefined/status/1983856522351538287,1230761916814872576,,stop deh ya buat kalian yang sama samain rphone dan iphone karena dari spesifikasi aja udah beda cuy rphonebukaniphone
1983856209007669376,Thu Oct 30 11:19:13 +0000 2025,1,pasti pada bilang nih mirip iphone padahal jelas loh #rPhoneBukaniPhone dari spek dan desainnya aja udah beda https://t.co/9XaVjgFfe0,1983856209007669376,https://pbs.twimg.com/media/G4gSskJawAAeURd.jpg,,in,,0,1,1,https://x.com/undefined/status/1983856209007669376,1556141202587938821,,pasti pada bilang nih mirip iphone padahal jelas loh rphonebukaniphone dari spek dan desainnya aja udah beda
1983821216621178947,Thu Oct 30 09:48:38 +0000 2025,74,@tanyakanrl Emang paling bener klo ambil hp yg value for money itu dari Infinix Motorola dan pastinya Xiaomi. Samsung? Ada juga yg bagus tapi spesifikasi tidak seperti yg disuguhkan oleh 3 brand tadi dengan harga segitu.,1983833415318434273,,tanyakanrl,in,,1,5,1,https://x.com/undefined/status/1983833415318434273,1398048953728307200,,emang paling bener klo ambil hp yg value for money itu dari infinix motorola dan pastinya xiaomi samsung ada juga yg bagus tapi spesifikasi tidak seperti yg disuguhkan oleh brand tadi dengan harga segitu
1983821520133591162,Thu Oct 30 09:01:22 +0000 2025,66,Ini review dari @SobatHAPE yang udah buktiin kalau #GalaxyZFold7 punya durabilitas yang juara banget! HP kamu bisa kayak gini juga gak? Beli sekarang ada total benefit hingga 5 Juta. Info lengkapnya cek di https://t.co/vMZ2zKCMVy #UnfoldPowerFlipTheNorm #BeFoldABLE #GalaxyCan https://t.co/YDzHmaDDzi,1983821520133591162,https://pbs.twimg.com/media/G4fyBzzXwAAs97x.jpg,,in,,0,5,13,https://x.com/undefined/status/1983821520133591162,237230213,,ini review dari yang udah buktiin kalau galaxyzfold punya durabilitas yang juara banget hp kamu bisa kayak gini juga gak beli sekarang ada total benefit hingga juta info lengkapnya cek di unfoldpowerflipthenorm befoldable galaxycan
1983516983497810376,Thu Oct 30 02:01:30 +0000 2025,20,@Movies4u_Officl @KChiruTweets Lanja kodaka https://t.co/6QdVg1s3bM,1983715857235898706,,Movies4u_Officl,in,,0,0,1,https://x.com/undefined/status/1983715857235898706,866148645078355968,,lanja kodaka
1983704492010041593,Thu Oct 30 01:16:20 +0000 2025,13,Semalem aku debat sama orang di WAG kelas filsafat. Dia ngaku evolusionis ngutip Dawkins sampai Steven Pinker. Pas ditanya baca bukunya gak? Jawabannya: nggak. Terus aku nyesel ngeladeninnya. Ini mirip kayak sinefil ngaku nonton banyak film padahal tukang copas review ,1983704492010041593,,,in,,0,4,1,https://x.com/undefined/status/1983704492010041593,233421923,,semalem aku debat sama orang di wag kelas filsafat dia ngaku evolusionis ngutip dawkins sampai steven pinker pas ditanya baca bukunya gak jawabannya nggak terus aku nyesel ngeladeninnya ini mirip kayak sinefil ngaku nonton banyak film padahal tukang copas review
1983664884249399570,Wed Oct 29 22:38:57 +0000 2025,41,Rekomendasi Smart Tv Android Spek Gahar Harga under 2juta! -A thread- https://t.co/xfjaoncsXW,1983664884249399570,https://pbs.twimg.com/media/G4dkslma8AMRJ7Q.jpg,,in,,2,1,33,https://x.com/undefined/status/1983664884249399570,31998432,,rekomendasi smart tv android spek gahar harga under juta a thread
1983361799962669078,Wed Oct 29 14:49:37 +0000 2025,3,@rasjawa Aku user iphon+samsul yg harganya sama. Kl review ku pribadi. Kelebihan andorid itu aplikasi apa aja bs masuk. Termasuk aplikasi ilegal. Ga kyk iphon yg aplikasi hrs resmi. Tp ipon aman ga ada aplikasi scaming. Simpel. Dan awet. Iphon 11 6th g da kendala samsung udah ganti 2x,1983546773097570735,,rasjawa,in,,0,0,0,https://x.com/undefined/status/1983546773097570735,1834459224744886272,,aku user iphon samsul yg harganya sama kl review ku pribadi kelebihan andorid itu aplikasi apa aja bs masuk termasuk aplikasi ilegal ga kyk iphon yg aplikasi hrs resmi tp ipon aman ga ada aplikasi scaming simpel dan awet iphon th g da kendala samsung udah ganti x
1983528203055693879,Wed Oct 29 14:26:57 +0000 2025,1,@SobatHAPE Ini yang bikin maju mundur beli iphone 17 pro banyak review kameranya bapuk spending 23jt+ dpt kualitas foto kek gini ,1983541067145416725,,SobatHAPE,in,,1,1,0,https://x.com/undefined/status/1983541067145416725,330340103,,ini yang bikin maju mundur beli iphone pro banyak review kameranya bapuk spending jt dpt kualitas foto kek gini
1983509983661817862,Wed Oct 29 12:23:26 +0000 2025,6,Twter war hp pasti ada plus minusnya dijelasin apankurangnya (walau twt disini rerata pada anti IP orang2nyq) Tapi kalo di trid wajib bgt hina samsung sama ip. Pokonya brand CN numbewan. Smsung IP cuma menang nama. Spek ampas. Awas lightsaber awas kamera geter ,1983509983661817862,,,in,,0,2,0,https://x.com/undefined/status/1983509983661817862,1794249687639412736,,twter war hp pasti ada plus minusnya dijelasin apankurangnya walau twt disini rerata pada anti ip orang nyq tapi kalo di trid wajib bgt hina samsung sama ip pokonya brand cn numbewan smsung ip cuma menang nama spek ampas awas lightsaber awas kamera geter
1983387093930778915,Wed Oct 29 04:15:07 +0000 2025,27, samsung user ada yg udah update? review perbandingannya sama one ui 7.0 gimanaa? https://t.co/xOaTVUZzAq,1983387093930778915,https://pbs.twimg.com/media/G4ZoDPFWQAEHKyz.jpg,,in,,7,25,1,https://x.com/undefined/status/1983387093930778915,3543482659,,samsung user ada yg udah update review perbandingannya sama one ui gimanaa
1983090237997039992,Tue Oct 28 14:57:52 +0000 2025,1,@pikeutthew Aminnnnn spek fuma satu buat ayis dan mena semoga lewat di mall ya tuhan siap kasih nomer hp dan urat malu putus,1983186461760606624,,pikeutthew,in,,0,0,0,https://x.com/undefined/status/1983186461760606624,1964017573223419911,,aminnnnn spek fuma satu buat ayis dan mena semoga lewat di mall ya tuhan siap kasih nomer hp dan urat malu putus
1983129166477132109,Tue Oct 28 14:29:32 +0000 2025,8,@tanyakanrl Kmrn liat2 review yg bagus Tecno Spark 40+ Layarnya buset bngt kek samsung flagship.. (udh liat lgsg dan pegang krn dibeli sma temen),1983179327840952373,,tanyakanrl,in,,0,3,0,https://x.com/undefined/status/1983179327840952373,1673022859768397826,,kmrn liat review yg bagus tecno spark layarnya buset bngt kek samsung flagship udh liat lgsg dan pegang krn dibeli sma temen
1983052761215402237,Tue Oct 28 06:06:36 +0000 2025,1,kntl ada yg review hp di tokped malah aplot muka bahlil,1983052761215402237,,,in,,0,0,0,https://x.com/undefined/status/1983052761215402237,1644568898518552578,,kntl ada yg review hp di tokped malah aplot muka bahlil
1982776306304786804,Tue Oct 28 05:58:23 +0000 2025,0,@MrsQinche Iya kah berarti saking gedenya mungkin kak.. atau spek hp nya kah yaa? Aku juga pernah gedek ga dapat notif lagi di game pas pindah device jadi aku uninstall. Jadi plong lagi tu kan yaa. Nah sekarang tiap ada nyoba glint aku save yang mau di-upload lalu langsung hapus.,1983050695021670844,,MrsQinche,in,,0,0,0,https://x.com/undefined/status/1983050695021670844,238568936,,iya kah berarti saking gedenya mungkin kak atau spek hp nya kah yaa aku juga pernah gedek ga dapat notif lagi di game pas pindah device jadi aku uninstall jadi plong lagi tu kan yaa nah sekarang tiap ada nyoba glint aku save yang mau di upload lalu langsung hapus
1983027242767909335,Tue Oct 28 04:25:12 +0000 2025,4,Unboxing iPhone Air: Rasakan sensasi menggenggam ponsel super enteng yang ketipisannya gak masuk akal tapi tetap nyaman di tangan. Baca di sini: https://t.co/vwkD4eXGBb ~TR #iPhoneAir #Spesifikasi #Unboxing https://t.co/SyiIVeQBx8,1983027242767909335,https://pbs.twimg.com/media/G4UgsW8aYAAyLYP.jpg,,in,,0,1,1,https://x.com/undefined/status/1983027242767909335,23343960,,unboxing iphone air rasakan sensasi menggenggam ponsel super enteng yang ketipisannya gak masuk akal tapi tetap nyaman di tangan baca di sini tr iphoneair spesifikasi unboxing
1982802021746102655,Mon Oct 27 13:30:15 +0000 2025,1,&lt;WTR / WANT TO RENT / SEWA HP HANDPHONE&gt; The Boyz The Blaze World Tour in Jakarta RIIZE : Riizing Loud in Jakarta 2026 ZEROBASEONE World Tour [ùóõùóòùó•ùóò&amp;ùó°ùó¢ùó™] in Singapore iPhone 16 Pro 256 gb (1 unit) Spek kamera 16pro sama yaa dengan 16promax DM for https://t.co/AoPP9mKOMJ,1982802021746102655,https://pbs.twimg.com/media/G4RT7YBXIAAWRpd.jpg,,en,,1,0,1,https://x.com/undefined/status/1982802021746102655,959822177745846277,,lt wtr want to rent sewa hp handphone gt the boyz the blaze world tour in jakarta riize riizing loud in jakarta zerobaseone world tour amp in singapore iphone pro gb unit spek kamera pro sama yaa dengan promax dm for
1982687841483137295,Mon Oct 27 05:56:32 +0000 2025,114,Ini dia review #GalaxyZFold7 dari DKID Media yang diuji berbagai rintangan tetap aman dan kokoh Hp kamu bisa kayak gini juga gak? RT &amp; Reply tweet ini dengan Aku mau punya #GalaxyZFold7 dengan durability yang kuat #UnfoldPowerFlipTheNorm #BeFoldABLE #GalaxyCan #GalaxyAI https://t.co/V2RPhjE7tq,1982687841483137295,https://pbs.twimg.com/amplify_video_thumb/1982667372637888512/img/VoKQLcn1pWzI43Kc.jpg,,in,,1,94,75,https://x.com/undefined/status/1982687841483137295,237230213,,ini dia review galaxyzfold dari dkid media yang diuji berbagai rintangan tetap aman dan kokoh hp kamu bisa kayak gini juga gak rt amp reply tweet ini dengan aku mau punya galaxyzfold dengan durability yang kuat unfoldpowerflipthenorm befoldable galaxycan galaxyai
1982622813111398465,Mon Oct 27 01:38:08 +0000 2025,17,Aku ditawarin beli hp sama om ku tapi ga boleh iphone atau samsung(karna takut green line) aku pengen banget samsung a56 kira¬≤ yang punya spesifikasi mirip ini merek hp apa?? Atau aku butuh hp yang kameranya bisa buat ngonten dan ram besar kira¬≤ hp apa? Terimakasih yap!,1982622813111398465,,,in,,0,12,0,https://x.com/undefined/status/1982622813111398465,1894088638180573184,,aku ditawarin beli hp sama om ku tapi ga boleh iphone atau samsung karna takut green line aku pengen banget samsung a kira yang punya spesifikasi mirip ini merek hp apa atau aku butuh hp yang kameranya bisa buat ngonten dan ram besar kira hp apa terimakasih yap
1982492223540486464,Sun Oct 26 16:59:13 +0000 2025,1,hp ak marah kayaknya gra2 ak search review ip 16 sm 17 trus ,1982492223540486464,,,in,,0,0,0,https://x.com/undefined/status/1982492223540486464,1415222011853369345,,hp ak marah kayaknya gra ak search review ip sm trus
1982437704836194543,Sun Oct 26 13:22:35 +0000 2025,61,Sudah pasti saya memilih iPhone 17 Pro Max atas faktor spesifikasi serta hayat. Tapi sekiranya saya sudah memiliki iPhone 16 Pro Max mustahil untuk menaik taraf ke model tersebut.,1982437704836194543,,,in,,0,0,4,https://x.com/undefined/status/1982437704836194543,3286689331,,sudah pasti saya memilih iphone pro max atas faktor spesifikasi serta hayat tapi sekiranya saya sudah memiliki iphone pro max mustahil untuk menaik taraf ke model tersebut
1981947431270142444,Sat Oct 25 04:54:25 +0000 2025,2,Terima kasih banyak buat semua yang udah Rent HP di TDS4 Jakarta kemarin Selama 2 hari penuh kami handle lebih dari 40 orang penyewa Makasih juga buat semua review baiknya bener-bener berarti banget yang mau rent hp untuk konser/fanmeet boleh dm aku aja yahh,1981947431270142444,,,in,,0,2,0,https://x.com/undefined/status/1981947431270142444,1419828439,,terima kasih banyak buat semua yang udah rent hp di tds jakarta kemarin selama hari penuh kami handle lebih dari orang penyewa makasih juga buat semua review baiknya bener bener berarti banget yang mau rent hp untuk konser fanmeet boleh dm aku aja yahh
